{"cameraMode":{"drawMode":0,"name":"Shaded","section":"Shading Mode"},"sceneLighting":false,"audioPlay":false,"sceneViewState":{"showFog":true,"showMaterialUpdate":false,"showSkybox":false,"showFlares":true,"showImageEffects":true,"showParticleSystems":true},"in2DMode":false,"pivot":{"x":-0.05759631097316742,"y":3.509892702102661,"z":0.5056822299957275},"rotation":{"x":0.07182251662015915,"y":-0.05652718245983124,"z":0.004077091813087463,"w":0.9958099722862244},"size":0.6646716594696045,"orthographic":true}