{"cameraMode":{"drawMode":0,"name":"Shaded","section":"Shading Mode"},"sceneLighting":false,"audioPlay":false,"sceneViewState":{"showFog":false,"showMaterialUpdate":false,"showSkybox":false,"showFlares":false,"showImageEffects":false,"showParticleSystems":false},"in2DMode":false,"pivot":{"x":-5.784584045410156,"y":3.652364492416382,"z":-1.9664535522460938},"rotation":{"x":-0.009557182900607586,"y":0.9885159730911255,"z":-0.13306818902492524,"w":-0.07099732011556626},"size":6.90739631652832,"orthographic":false}